Date,OpenPrice,High,Low,ClosePrice,Volume,Symbol
2024-12-18,252.1600,254.2800,247.7400,248.0500,56774101,AAPL
2024-12-17,250.0800,253.8300,249.7800,253.4800,51356360,AAPL
2024-12-16,247.9900,251.3800,247.6500,251.0400,51694753,AAPL
2024-12-13,247.8150,249.2902,246.2400,248.1300,33155290,AAPL
2024-12-12,246.8900,248.7400,245.6800,247.9600,32777532,AAPL
2024-12-11,247.9600,250.8000,246.2601,246.4900,45205814,AAPL
2024-12-10,246.8900,248.2100,245.3400,247.7700,36914806,AAPL
2024-12-09,241.8300,247.2400,241.7500,246.7500,44649232,AAPL
2024-12-06,242.9050,244.6300,242.0800,242.8400,36870619,AAPL
2024-12-05,243.9900,244.5400,242.1300,243.0400,40033878,AAPL
2024-12-04,242.8700,244.1100,241.2500,243.0100,44383935,AAPL
2024-12-03,239.8100,242.7600,238.9000,242.6500,38861017,AAPL
2024-12-02,237.2700,240.7900,237.1600,239.5900,48137103,AAPL
2024-11-29,234.8100,237.8100,233.9700,237.3300,28481377,AAPL
2024-11-27,234.4650,235.6900,233.8101,234.9300,33498439,AAPL
2024-11-26,233.3300,235.5700,233.3300,235.0600,45986189,AAPL
2024-11-25,231.4600,233.2450,229.7400,232.8700,90152832,AAPL
2024-11-22,228.0600,230.7199,228.0600,229.8700,38168252,AAPL
2024-11-21,228.8800,230.1550,225.7103,228.5200,42108327,AAPL
2024-11-20,228.0600,229.9300,225.8900,229.0000,35169566,AAPL
2024-11-19,226.9800,230.1600,226.6600,228.2800,36211774,AAPL
2024-11-18,225.2500,229.7400,225.1700,228.0200,44686020,AAPL
2024-11-15,226.4000,226.9200,224.2700,225.0000,47923696,AAPL
2024-11-14,225.0200,228.8700,225.0000,228.2200,44923941,AAPL
2024-11-13,224.0100,226.6500,222.7600,225.1200,48566217,AAPL
2024-11-12,224.5500,225.5900,223.3550,224.2300,40398299,AAPL
2024-11-11,225.0000,225.7000,221.5000,224.2300,42005602,AAPL
2024-11-08,227.1700,228.6600,226.4050,226.9600,38328824,AAPL
2024-11-07,224.6250,227.8750,224.5700,227.4800,42137691,AAPL
2024-11-06,222.6100,226.0650,221.1900,222.7200,54561121,AAPL
2024-11-05,221.7950,223.9500,221.1400,223.4500,28111338,AAPL
2024-11-04,220.9900,222.7900,219.7100,222.0100,44944468,AAPL
2024-11-01,220.9650,225.3500,220.2700,222.9100,65276741,AAPL
2024-10-31,229.3400,229.8300,225.3700,225.9100,64370086,AAPL
2024-10-30,232.6100,233.4700,229.5500,230.1000,47070907,AAPL
2024-10-29,233.1000,234.3250,232.3200,233.6700,35417247,AAPL
2024-10-28,233.3200,234.7300,232.5500,233.4000,36087134,AAPL
2024-10-25,229.7400,233.2200,229.5700,231.4100,38802304,AAPL
2024-10-24,229.9800,230.8200,228.4100,230.5700,31109503,AAPL
2024-10-23,234.0800,235.1440,227.7600,230.7600,52286979,AAPL
2024-10-22,233.8850,236.2200,232.6000,235.8600,38846578,AAPL
2024-10-21,234.4500,236.8500,234.4500,236.4800,36254470,AAPL
2024-10-18,236.1800,236.1800,234.0100,235.0000,46431472,AAPL
2024-10-17,233.4300,233.8500,230.5200,232.1500,32993810,AAPL
2024-10-16,231.6000,232.1200,229.8400,231.7800,34082240,AAPL
2024-10-15,233.6100,237.4900,232.3700,233.8500,64751367,AAPL
2024-10-14,228.7000,231.7300,228.6000,231.3000,39882085,AAPL
2024-10-11,229.3000,229.4100,227.3400,227.5500,31759188,AAPL
2024-10-10,227.7800,229.5000,227.1700,229.0400,28183544,AAPL
2024-10-09,225.2300,229.7500,224.8300,229.5400,33591091,AAPL
2024-10-08,224.3000,225.9800,223.2500,225.7700,31855693,AAPL
2024-10-07,224.5000,225.6900,221.3300,221.6900,39505354,AAPL
2024-10-04,227.9000,228.0000,224.1300,226.8000,37345098,AAPL
2024-10-03,225.1400,226.8050,223.3200,225.6700,34044158,AAPL
2024-10-02,225.8900,227.3700,223.0200,226.7800,32880605,AAPL
2024-10-01,229.5200,229.6500,223.7400,226.2100,63285048,AAPL
2024-09-30,230.0400,233.0000,229.6500,233.0000,54793391,AAPL
2024-09-27,228.4600,229.5200,227.3000,227.7900,34025967,AAPL
2024-09-26,227.3000,228.5000,225.4100,227.5200,36636707,AAPL
2024-09-25,224.9300,227.2900,224.0200,226.3700,42308715,AAPL
2024-09-24,228.6450,229.3500,225.7300,227.3700,43556068,AAPL
2024-09-23,227.3400,229.4500,225.8100,226.4700,54146023,AAPL
2024-09-20,229.9700,233.0900,227.6200,228.2000,318679888,AAPL
2024-09-19,224.9900,229.8200,224.6300,228.8700,66781315,AAPL
2024-09-18,217.5500,222.7100,217.5400,220.6900,59894928,AAPL
2024-09-17,215.7500,216.9000,214.5000,216.7900,45519339,AAPL
2024-09-16,216.5400,217.2200,213.9200,216.3200,59357427,AAPL
2024-09-13,223.5800,224.0400,221.9100,222.5000,36766619,AAPL
2024-09-12,222.5000,223.5500,219.8200,222.7700,37498225,AAPL
2024-09-11,221.4550,223.0900,217.8900,222.6600,44587072,AAPL
2024-09-10,218.9200,221.4800,216.7300,220.1100,51591033,AAPL
2024-09-09,220.8200,221.2700,216.7100,220.9100,67179965,AAPL
2024-09-06,223.9500,225.2400,219.7700,220.8200,48423011,AAPL
2024-09-05,221.6250,225.4800,221.5200,222.3800,36615398,AAPL
2024-09-04,221.6600,221.7800,217.4800,220.8500,43262758,AAPL
2024-09-03,228.5500,229.0000,221.1700,222.7700,50190574,AAPL
2024-08-30,230.1900,230.4000,227.4800,229.0000,52990770,AAPL
2024-08-29,230.1000,232.9200,228.8800,229.7900,51906297,AAPL
2024-08-28,227.9200,229.8600,225.6800,226.4900,38052167,AAPL
2024-08-27,225.9950,228.8500,224.8900,228.0300,35934559,AAPL
2024-08-26,226.7600,227.2800,223.8905,227.1800,30602208,AAPL
2024-08-23,225.6589,228.2200,224.3300,226.8400,38677250,AAPL
2024-08-22,227.7900,228.3400,223.9000,224.5300,43695321,AAPL
2024-08-21,226.5200,227.9800,225.0500,226.4000,34765480,AAPL
2024-08-20,225.7700,227.1700,225.4500,226.5100,30299033,AAPL
2024-08-19,225.7200,225.9900,223.0400,225.8900,40687813,AAPL
2024-08-16,223.9200,226.8271,223.6501,226.0500,44340240,AAPL
2024-08-15,224.6000,225.3500,222.7600,224.7200,46414013,AAPL
2024-08-14,220.5700,223.0300,219.7000,221.7200,41960574,AAPL
2024-08-13,219.0100,221.8900,219.0100,221.2700,44155331,AAPL
2024-08-12,216.0700,219.5099,215.6000,217.5300,38028092,AAPL
2024-08-09,212.1000,216.7800,211.9700,216.2400,42201646,AAPL
2024-08-08,213.1100,214.2000,208.8300,213.3100,47161149,AAPL
2024-08-07,206.9000,213.6400,206.3900,209.8200,63516417,AAPL
2024-08-06,205.3000,209.9900,201.0700,207.2300,69660488,AAPL
2024-08-05,199.0900,213.5000,196.0000,209.2700,119548589,AAPL
2024-08-02,219.1500,225.6000,217.7100,219.8600,105568560,AAPL
2024-08-01,224.3700,224.4800,217.0200,218.3600,62500996,AAPL
2024-07-31,221.4400,223.8200,220.6300,222.0800,50036262,AAPL
2024-07-30,219.1900,220.3250,216.1200,218.8000,41643840,AAPL
2024-12-18,451.3200,452.6500,437.0200,437.3900,24444545,MSFT
2024-12-17,451.0100,455.2900,449.5700,454.4600,22733494,MSFT
2024-12-16,447.2700,452.1800,445.2800,451.5900,23598834,MSFT
2024-12-13,448.4350,451.4300,445.5800,447.2700,20177833,MSFT
2024-12-12,449.1100,456.1648,449.1100,449.5600,20834779,MSFT
2024-12-11,444.0500,450.3500,444.0500,448.9900,19200208,MSFT
2024-12-10,444.3900,449.6200,441.6000,443.3300,18469459,MSFT
2024-12-09,442.6000,448.3300,440.5000,446.0200,19144388,MSFT
2024-12-06,442.3000,446.1000,441.7703,443.5700,18821002,MSFT
2024-12-05,437.9200,444.6600,436.1710,442.6200,21697775,MSFT
2024-12-04,433.0300,439.6700,432.6300,437.4200,26009429,MSFT
2024-12-03,429.8400,432.4700,427.7400,431.2000,18301987,MSFT
2024-12-02,421.5700,433.0000,421.3100,430.9800,20207223,MSFT
2024-11-29,420.0900,424.8800,417.8000,423.4600,16271921,MSFT
2024-11-27,425.1050,427.2299,422.0200,422.9900,18332444,MSFT
2024-11-26,419.5850,429.0414,418.8500,427.9900,23458889,MSFT
2024-11-25,418.3800,421.0800,414.8500,418.7900,27691090,MSFT
2024-11-22,411.3650,417.4000,411.0600,417.0000,24814626,MSFT
2024-11-21,419.5000,419.7800,410.2887,412.8700,20780162,MSFT
2024-11-20,416.8700,417.2900,410.5800,415.4900,19191655,MSFT
2024-11-19,413.1100,417.9400,411.5500,417.7900,18133529,MSFT
2024-11-18,414.8700,418.4037,412.1000,415.7600,24742013,MSFT
2024-11-15,419.8200,422.8000,413.6400,415.0000,28247644,MSFT
2024-11-14,425.0000,428.1700,420.0000,426.8900,30246881,MSFT
2024-11-13,421.6400,429.3250,418.2100,425.2000,21502185,MSFT
2024-11-12,418.2500,424.4400,417.2000,423.0300,19401204,MSFT
2024-11-11,422.5150,424.8100,416.0000,418.0100,24503321,MSFT
2024-11-08,425.3200,426.5000,421.7800,422.5400,16891414,MSFT
2024-11-07,421.2800,426.8500,419.8800,425.4300,19901782,MSFT
2024-11-06,412.4200,420.4500,410.5200,420.1800,26681842,MSFT
2024-11-05,408.3700,414.9000,408.0800,411.4600,17626011,MSFT
2024-11-04,409.8000,410.4150,405.5713,408.4600,19672286,MSFT
2024-11-01,409.0100,415.5000,407.5000,410.3700,24230442,MSFT
2024-10-31,415.3600,416.1600,406.3000,406.3500,53970981,MSFT
2024-10-30,437.4350,438.5000,432.1000,432.5300,29749149,MSFT
2024-10-29,428.0000,433.1700,425.8001,431.9500,17644080,MSFT
2024-10-28,431.6550,431.9400,426.3000,426.5900,14882444,MSFT
2024-10-25,426.7600,432.5200,426.5650,428.1500,16899064,MSFT
2024-10-24,425.3250,425.9782,422.4000,424.7300,13581631,MSFT
2024-10-23,430.8550,431.0800,422.5300,424.6000,19654379,MSFT
2024-10-22,418.4900,430.5793,418.0400,427.5100,25482197,MSFT
2024-10-21,416.1200,418.9600,413.7501,418.7800,14206115,MSFT
2024-10-18,417.1400,419.6500,416.2601,418.1600,17145317,MSFT
2024-10-17,422.3600,422.5000,415.5900,416.7200,14820004,MSFT
2024-10-16,415.1700,416.3600,410.4800,416.1200,15508932,MSFT
2024-10-15,422.1800,422.4800,415.2600,418.7400,18900201,MSFT
2024-10-14,417.7700,424.0400,417.5200,419.1400,16653086,MSFT
2024-10-11,416.1350,417.1300,413.2500,416.3200,14144944,MSFT
2024-10-10,415.2250,417.3500,413.1500,415.8400,13848376,MSFT
2024-10-09,415.8600,420.3800,414.3000,417.4600,14974257,MSFT
2024-10-08,410.9000,415.6600,408.1700,414.7100,19229261,MSFT
2024-10-07,416.0000,417.1100,409.0000,409.5400,20919761,MSFT
2024-10-04,418.2400,419.7500,414.9700,416.0600,19190913,MSFT
2024-10-03,417.6300,419.5500,414.2900,416.5400,13686421,MSFT
2024-10-02,422.5800,422.8200,416.7100,417.1300,16582257,MSFT
2024-10-01,428.4500,428.4800,418.8100,420.6900,19092945,MSFT
2024-09-30,428.2100,430.4200,425.3700,430.3000,16854606,MSFT
2024-09-27,431.5200,431.8500,427.4700,428.0200,14896131,MSFT
2024-09-26,435.0850,435.3000,429.1300,431.3100,14492044,MSFT
2024-09-25,429.8300,433.1190,428.5700,432.1100,13396364,MSFT
2024-09-24,433.0000,433.3500,426.1000,429.1700,17015754,MSFT
2024-09-23,434.2800,436.4600,430.3889,433.5100,15128891,MSFT
2024-09-20,437.2200,439.2400,434.2200,435.2700,55167106,MSFT
2024-09-19,441.2250,441.5000,436.9000,438.6900,21706559,MSFT
2024-09-18,435.0000,436.0300,430.4100,430.8100,18898042,MSFT
2024-09-17,440.2300,441.8500,432.2700,435.1500,18874231,MSFT
2024-09-16,430.6000,433.5300,428.2200,431.3400,13834697,MSFT
2024-09-13,425.8250,431.8300,425.4600,430.5900,15874555,MSFT
2024-09-12,423.3100,427.3692,419.7500,427.0000,17418759,MSFT
2024-09-11,415.5000,423.9900,409.5800,423.0400,19266923,MSFT
2024-09-10,408.2000,416.3300,407.7000,414.2000,19594287,MSFT
2024-09-09,407.2400,408.6500,402.1500,405.7200,15295134,MSFT
2024-09-06,409.0600,410.6500,400.8000,401.7000,19609526,MSFT
2024-09-05,407.6200,413.1000,406.1300,408.3900,14195516,MSFT
2024-09-04,405.9100,411.2400,404.3700,408.9000,14886710,MSFT
2024-09-03,417.9100,419.8800,407.0300,409.4400,20313603,MSFT
2024-08-30,415.6000,417.4900,412.1300,417.1400,24308324,MSFT
2024-08-29,414.9400,422.0500,410.6000,413.1200,17045241,MSFT
2024-08-28,414.8800,415.0000,407.3100,410.6000,14882660,MSFT
2024-08-27,412.8600,414.3600,410.2500,413.8400,13492911,MSFT
2024-08-26,416.3650,417.2799,411.3400,413.4900,13152830,MSFT
2024-08-23,416.9800,419.2600,412.0900,416.7900,18493784,MSFT
2024-08-22,424.3600,426.7899,414.6100,415.5500,19361901,MSFT
2024-08-21,424.0750,426.4000,421.7200,424.1400,16067298,MSFT
2024-08-20,421.7000,425.8600,421.6400,424.8000,16387581,MSFT
2024-08-19,418.9600,421.7500,416.4600,421.5300,15233957,MSFT
2024-08-16,420.6000,421.3400,417.3000,418.4700,22775593,MSFT
2024-08-15,419.8000,421.1100,417.6600,421.0300,20752144,MSFT
2024-08-14,414.8000,417.7200,412.4456,416.8600,18266980,MSFT
2024-08-13,409.5900,414.9500,409.5700,414.0100,19414271,MSFT
2024-08-12,407.0600,408.7600,404.2434,406.8100,16762883,MSFT
2024-08-09,404.0300,408.0500,402.2624,406.0200,19276666,MSFT
2024-08-08,402.4400,405.8600,399.9407,402.6900,20203030,MSFT
2024-08-07,408.6350,410.0800,397.4700,398.4300,20650906,MSFT
2024-08-06,400.0000,405.6700,398.5000,399.6100,24946525,MSFT
2024-08-05,389.1700,401.0400,385.5800,395.1500,40709238,MSFT
2024-08-02,412.4900,415.0000,404.3400,408.4900,29437900,MSFT
2024-08-01,420.7850,427.4600,413.0901,417.1100,30296400,MSFT
2024-07-31,420.4950,421.7750,412.2100,418.3500,42891366,MSFT
2024-07-30,427.7200,429.0500,417.3600,422.9200,32687578,MSFT
2024-12-18,196.8300,198.6899,189.2800,190.1500,27638416,GOOG
2024-12-17,198.5300,202.8800,196.6900,197.1200,24129481,GOOG
2024-12-16,194.3650,200.6400,194.1100,198.1600,32248640,GOOG
2024-12-13,192.7100,194.3400,191.2600,191.3800,18883217,GOOG
2024-12-12,196.3000,196.7053,193.2800,193.6300,25197757,GOOG
2024-12-11,186.7000,196.8900,186.2600,196.7100,41664489,GOOG
2024-12-10,184.5350,188.0300,182.6700,186.5300,34317438,GOOG
2024-12-09,175.7150,178.0400,175.4000,177.1000,19887786,GOOG
2024-12-06,173.8800,176.8389,173.5500,176.4900,13319549,GOOG
2024-12-05,177.3200,177.7100,174.0100,174.3100,16145520,GOOG
2024-12-04,172.7800,176.4300,172.7500,176.0900,18239842,GOOG
2024-12-03,173.1200,174.3200,172.5100,173.0200,15721483,GOOG
2024-12-02,170.3200,173.6000,170.2700,172.9800,16593444,GOOG
2024-11-29,170.0600,170.8700,168.7500,170.4900,9250712,GOOG
2024-11-27,170.6800,171.1400,169.6700,170.8200,12433371,GOOG
2024-11-26,169.4900,171.4950,169.4300,170.6200,14937478,GOOG
2024-11-25,167.9900,170.4600,167.4000,169.4300,21395652,GOOG
2024-11-22,167.1600,168.2645,165.7100,166.5700,24497042,GOOG
2024-11-21,175.4550,175.5800,165.3100,169.2400,38839431,GOOG
2024-11-20,178.8300,179.1100,175.3300,177.3300,15729806,GOOG
2024-11-19,175.2350,180.1700,175.1160,179.5800,15392866,GOOG
2024-11-18,174.9550,176.9100,174.4200,176.8000,18725422,GOOG
2024-11-15,175.6400,175.8800,172.7450,173.8900,21708870,GOOG
2024-11-14,179.7500,180.4450,176.0300,177.3500,17925763,GOOG
2024-11-13,182.1500,182.6150,180.1200,180.4900,13969709,GOOG
2024-11-12,181.3800,184.0250,180.9900,183.3200,14065845,GOOG
2024-11-11,180.0700,182.0850,179.9900,181.9700,12503422,GOOG
2024-11-08,182.0000,182.3500,179.5700,179.8600,15021549,GOOG
2024-11-07,179.1100,182.5800,178.8900,182.2800,16730407,GOOG
2024-11-06,175.3500,178.6400,175.0400,178.3300,27061510,GOOG
2024-11-05,170.8300,172.0973,170.3700,171.4100,12518282,GOOG
2024-11-04,171.2400,171.9200,169.4850,170.6800,16193994,GOOG
2024-11-01,171.5400,173.8200,170.3100,172.6500,21752859,GOOG
2024-10-31,174.7200,178.4200,172.5600,172.6900,32801898,GOOG
2024-10-30,182.4100,183.7900,175.7451,176.1400,49698313,GOOG
2024-10-29,169.3850,171.8600,168.6600,171.1400,28916106,GOOG
2024-10-28,170.5900,170.6060,165.7900,168.3400,20858254,GOOG
2024-10-25,165.3650,167.4000,165.2300,166.9900,14566410,GOOG
2024-10-24,164.5900,165.0500,162.7700,164.5300,12764430,GOOG
2024-10-23,166.4300,167.6000,163.6325,164.4800,12754283,GOOG
2024-10-22,164.7000,167.4700,164.6700,166.8200,11958617,GOOG
2024-10-21,164.5800,166.2200,164.3050,165.8000,11384047,GOOG
2024-10-18,164.8700,166.3699,164.7500,165.0500,13091267,GOOG
2024-10-17,167.3800,167.9300,164.3700,164.5100,15113356,GOOG
2024-10-16,166.0300,167.2800,165.2160,166.7400,9968474,GOOG
2024-10-15,167.1400,169.0900,166.0500,166.9000,14829338,GOOG
2024-10-14,164.9100,167.6200,164.7800,166.3500,9981765,GOOG
2024-10-11,163.3300,165.2700,162.5000,164.5200,10945971,GOOG
2024-10-10,162.1100,164.3107,161.6400,163.1800,12900492,GOOG
2024-10-09,164.8550,166.2600,161.1200,163.0600,19666411,GOOG
2024-10-08,165.4300,166.1000,164.3100,165.7000,11723885,GOOG
2024-10-07,169.1400,169.9000,164.1300,164.3900,14034722,GOOG
2024-10-04,169.3400,169.5500,166.9600,168.5600,11435318,GOOG
2024-10-03,165.8200,167.9100,165.3700,167.2100,11004333,GOOG
2024-10-02,167.7600,168.8800,166.2500,167.3100,12744975,GOOG
2024-10-01,168.8600,170.4400,165.9000,168.4200,18629506,GOOG
2024-09-30,164.7800,167.3600,164.6400,167.1900,14083451,GOOG
2024-09-27,163.9100,166.9700,163.8300,165.2900,13604261,GOOG
2024-09-26,165.0300,165.5000,163.5000,163.8300,18234497,GOOG
2024-09-25,162.9700,164.2170,162.7750,162.9900,13607892,GOOG
2024-09-24,164.2500,164.5500,162.0300,163.6400,18774056,GOOG
2024-09-23,165.3400,166.6100,162.9500,163.0700,15648446,GOOG
2024-09-20,164.5200,164.7500,163.1800,164.6400,46362673,GOOG
2024-09-19,164.8200,164.9900,162.5216,163.2400,17548190,GOOG
2024-09-18,160.8500,161.6300,159.6600,160.8100,16756450,GOOG
2024-09-17,160.0900,161.5900,159.4100,160.2800,12064790,GOOG
2024-09-16,158.3300,159.2400,157.6100,158.9900,14157614,GOOG
2024-09-13,156.3620,159.2750,156.1100,158.3700,16733908,GOOG
2024-09-12,154.8100,155.6100,153.5000,155.5400,21024062,GOOG
2024-09-11,151.0900,152.4800,148.7000,152.1500,18991486,GOOG
2024-09-10,151.4500,152.3000,149.5427,150.0100,20401774,GOOG
2024-09-09,153.6300,154.6400,148.2000,149.5400,28057746,GOOG
2024-09-06,158.6900,159.2200,151.9350,152.1300,24999062,GOOG
2024-09-05,157.7800,161.0150,157.5200,158.6000,14139501,GOOG
2024-09-04,158.0750,160.4000,157.4400,157.8100,15942997,GOOG
2024-09-03,163.3150,163.3800,157.8550,158.6100,26533110,GOOG
2024-08-30,164.2200,165.2800,163.4100,165.1100,18498777,GOOG
2024-08-29,166.0600,167.6300,161.9820,163.4000,17133830,GOOG
2024-08-28,166.7800,167.3900,163.2800,164.5000,15208736,GOOG
2024-08-27,167.6100,168.2450,166.1600,166.3800,13718162,GOOG
2024-08-26,168.1550,169.3800,166.3200,167.9300,11990305,GOOG
2024-08-23,166.5500,167.9500,165.6600,167.4300,14281621,GOOG
2024-08-22,169.0400,169.4200,165.0300,165.4900,19123778,GOOG
2024-08-21,166.9900,168.6400,166.5700,167.6300,15269550,GOOG
2024-08-20,168.7400,170.4100,168.6600,168.9600,12622523,GOOG
2024-08-19,167.0000,168.4700,166.0900,168.4000,13100762,GOOG
2024-08-16,163.4100,166.9500,163.0800,164.7400,16853137,GOOG
2024-08-15,162.2100,163.5200,161.4900,163.1700,18392452,GOOG
2024-08-14,164.2100,164.9600,159.5300,162.0300,22515895,GOOG
2024-08-13,165.1850,166.5400,164.7700,165.9300,12717628,GOOG
2024-08-12,165.9950,166.7000,163.5500,163.9500,12434969,GOOG
2024-08-09,161.6450,165.5200,160.9300,165.3900,13549230,GOOG
2024-08-08,162.3440,165.5000,162.0300,163.8400,15733612,GOOG
2024-08-07,163.2400,164.7900,160.2400,160.7500,19334246,GOOG
2024-08-06,160.9450,162.3500,158.1300,160.5400,36146541,GOOG
2024-08-05,157.3700,165.9400,156.6000,160.6400,34907815,GOOG
2024-08-02,168.1900,170.2100,166.3900,168.4000,18907773,GOOG
2024-08-01,171.9800,175.6800,170.5100,172.4500,17177833,GOOG
2024-07-31,174.9200,175.9100,171.7200,173.1500,15650154,GOOG
2024-07-30,171.8300,172.9500,170.1200,171.8600,13681418,GOOG
2024-12-18,230.7700,231.3999,220.1100,220.5200,43281443,AMZN
2024-12-17,232.3900,232.7300,227.8500,231.1500,35948131,AMZN
2024-12-16,230.2300,233.0000,228.0100,232.9300,37552096,AMZN
2024-12-13,228.4000,230.2000,225.8608,227.4600,28768080,AMZN
2024-12-12,229.8300,231.0900,227.6300,228.9700,28204084,AMZN
2024-12-11,226.4100,231.2000,226.2600,230.2600,35385785,AMZN
2024-12-10,226.0900,229.0600,224.2002,225.0400,31199864,AMZN
2024-12-09,227.2100,230.0800,225.6700,226.0900,46819363,AMZN
2024-12-06,220.7500,227.1500,220.6000,227.0300,44178069,AMZN
2024-12-05,218.0300,222.1500,217.3000,220.5500,41140220,AMZN
2024-12-04,215.9600,220.0000,215.7500,218.1600,48745716,AMZN
2024-12-03,210.3100,214.0200,209.6500,213.4400,32214828,AMZN
2024-12-02,209.9600,212.9900,209.5101,210.7100,39523185,AMZN
2024-11-29,205.8300,208.2000,204.5900,207.8900,24892447,AMZN
2024-11-27,206.9800,207.6400,205.0500,205.7400,28061638,AMZN
2024-11-26,201.9000,208.0000,201.7900,207.8600,41673737,AMZN
2024-11-25,199.2800,201.9499,199.0000,201.4500,40685672,AMZN
2024-11-22,198.2500,199.2599,196.7500,197.1200,31530844,AMZN
2024-11-21,203.4900,203.4900,195.7500,198.3800,58800042,AMZN
2024-11-20,202.9800,203.1300,199.4500,202.8800,32768989,AMZN
2024-11-19,199.3300,205.3000,198.7800,204.6100,31197867,AMZN
2024-11-18,204.1500,204.6700,200.9500,201.7000,36512465,AMZN
2024-11-15,206.7600,207.3400,199.6100,202.6100,86591144,AMZN
2024-11-14,214.1600,215.9000,210.8800,211.4800,42620309,AMZN
2024-11-13,209.4000,215.0900,209.1400,214.1000,46212943,AMZN
2024-11-12,208.3700,209.5400,206.0100,208.9100,38942918,AMZN
2024-11-11,208.5000,209.6500,205.5900,206.8400,35456012,AMZN
2024-11-08,209.7200,209.9633,207.4400,208.1800,36075846,AMZN
2024-11-07,207.4400,212.2500,207.1900,210.0500,52878383,AMZN
2024-11-06,200.0100,207.5500,199.1400,207.0900,72292167,AMZN
2024-11-05,196.0400,199.8200,195.9900,199.5000,30564784,AMZN
2024-11-04,196.4500,197.3300,194.3101,195.7800,38492062,AMZN
2024-11-01,199.0000,200.5000,197.0200,197.9300,99687847,AMZN
2024-10-31,190.5100,190.6000,185.2300,186.4000,75146759,AMZN
2024-10-30,194.6950,195.6100,192.4200,192.7300,37707550,AMZN
2024-10-29,188.5800,191.4599,187.8150,190.8300,35690158,AMZN
2024-10-28,189.5650,190.2100,188.2100,188.3900,27930836,AMZN
2024-10-25,187.8500,190.4500,187.5300,187.8300,29362060,AMZN
2024-10-24,185.2500,187.1100,183.8600,186.3800,21647395,AMZN
2024-10-23,188.8500,189.1600,183.6900,184.7100,31937089,AMZN
2024-10-22,188.3500,191.5201,186.9750,189.7000,29650593,AMZN
2024-10-21,188.0500,189.4600,186.4000,189.0700,24639393,AMZN
2024-10-18,187.1500,190.7400,186.2800,188.9900,37417670,AMZN
2024-10-17,188.2200,188.9400,186.0000,187.5300,25039414,AMZN
2024-10-16,187.0500,187.7800,185.6100,186.8900,23456812,AMZN
2024-10-15,187.6300,188.4100,184.5800,187.6900,32178925,AMZN
2024-10-14,189.7800,189.8300,187.3600,187.5400,22614407,AMZN
2024-10-11,186.6300,189.9284,186.3000,188.8200,25751557,AMZN
2024-10-10,187.1300,188.1340,185.8300,186.6500,27785043,AMZN
2024-10-09,182.8200,185.8450,182.0500,185.1700,26343117,AMZN
2024-10-08,181.9150,183.0900,180.9200,182.7200,26372086,AMZN
2024-10-07,182.9500,183.6000,180.2500,180.8000,42364201,AMZN
2024-10-04,185.7500,187.6000,183.6000,186.5100,41079011,AMZN
2024-10-03,183.0450,183.4400,180.8750,181.9600,30204302,AMZN
2024-10-02,184.4400,186.6000,184.0400,184.7600,23704056,AMZN
2024-10-01,184.9000,186.1900,183.4519,185.1300,36044906,AMZN
2024-09-30,187.1400,188.4900,184.6500,186.3300,41680400,AMZN
2024-09-27,190.6800,190.9000,187.3400,187.9700,36002316,AMZN
2024-09-26,194.3100,194.5300,189.5400,191.1600,36334854,AMZN
2024-09-25,193.7500,193.9498,192.1600,192.5300,26391144,AMZN
2024-09-24,194.2700,195.3700,190.1300,193.9600,43478926,AMZN
2024-09-23,191.6400,194.4500,190.5700,193.8800,36993111,AMZN
2024-09-20,190.2300,191.8400,187.4100,191.6000,100378553,AMZN
2024-09-19,190.0400,190.9900,188.4700,189.8700,39543168,AMZN
2024-09-18,186.4500,188.8000,185.0600,186.4300,34448130,AMZN
2024-09-17,186.8500,189.4500,186.1400,186.8800,26091682,AMZN
2024-09-16,185.2900,185.8100,183.3600,184.8900,26065485,AMZN
2024-09-13,187.0000,188.5000,185.9100,186.4900,26495351,AMZN
2024-09-12,184.8000,187.4100,183.5400,187.0000,33622483,AMZN
2024-09-11,180.0950,184.9900,175.7300,184.5200,42564698,AMZN
2024-09-10,177.4900,180.5000,176.7900,179.5500,36233796,AMZN
2024-09-09,174.5300,175.8500,173.5100,175.4000,29037362,AMZN
2024-09-06,177.2400,178.3800,171.1600,171.3900,41466537,AMZN
2024-09-05,175.0000,179.8750,174.9950,177.8900,40170526,AMZN
2024-09-04,174.4800,175.9800,172.5400,173.3300,29682478,AMZN
2024-09-03,177.5500,178.2600,175.2600,176.2500,37817511,AMZN
2024-08-30,172.7800,178.9000,172.6000,178.5000,43429355,AMZN
2024-08-29,173.2200,174.2900,170.8100,172.1200,26407815,AMZN
2024-08-28,173.6900,173.6900,168.9200,170.8000,29045025,AMZN
2024-08-27,174.1500,174.8900,172.2500,173.1200,29841979,AMZN
2024-08-26,176.7000,177.4682,174.3000,175.5000,22366236,AMZN
2024-08-23,177.3400,178.9699,175.2400,177.0400,29150091,AMZN
2024-08-22,181.3800,181.4700,175.6800,176.1300,32047482,AMZN
2024-08-21,179.9200,182.3850,178.8937,180.1100,35599120,AMZN
2024-08-20,177.9200,179.0100,177.4308,178.8800,26255204,AMZN
2024-08-19,177.6400,178.3000,176.1600,178.2200,31129807,AMZN
2024-08-16,177.0400,178.3400,176.2601,177.0600,31489175,AMZN
2024-08-15,174.8600,177.9100,173.9900,177.5900,51698513,AMZN
2024-08-14,172.1100,172.2800,168.8600,170.1000,28843804,AMZN
2024-08-13,167.8100,171.0400,167.1000,170.2300,39237915,AMZN
2024-08-12,168.1400,168.5500,166.1101,166.8000,30072788,AMZN
2024-08-09,166.4000,168.5500,165.8500,166.9400,36401049,AMZN
2024-08-08,165.1650,166.6899,162.5500,165.8000,44616206,AMZN
2024-08-07,166.5500,167.5800,161.4300,162.7700,48408240,AMZN
2024-08-06,161.7100,165.0800,158.5404,161.9300,59950830,AMZN
2024-08-05,154.2100,162.9600,151.6100,161.0200,83149437,AMZN
2024-08-02,166.7500,168.7700,160.5500,167.9000,141448365,AMZN
2024-08-01,189.2850,190.6000,181.8700,184.0700,70435635,AMZN
2024-07-31,185.0500,187.9400,184.4600,186.9800,41667326,AMZN
2024-07-30,184.7200,185.8600,179.3800,181.7100,39508574,AMZN
2024-12-18,919.1300,922.4400,886.5600,889.5500,2938194,NFLX
2024-12-17,921.5400,928.4500,916.4200,919.1300,2459456,NFLX
2024-12-16,923.9400,928.9400,919.5000,921.0800,2674892,NFLX
2024-12-13,916.8100,925.5500,909.6100,918.8700,2485829,NFLX
2024-12-12,933.3500,934.0886,922.6000,925.5500,2486197,NFLX
2024-12-11,924.7100,941.7500,923.0800,936.5600,3501691,NFLX
2024-12-10,913.7600,922.8800,909.5800,913.3500,2388575,NFLX
2024-12-09,928.0000,930.2999,902.5900,913.6900,3350082,NFLX
2024-12-06,915.2300,935.2700,912.7100,934.7400,2955383,NFLX
2024-12-05,917.8500,927.0000,911.1075,917.8700,2835307,NFLX
2024-12-04,898.0500,915.9699,898.0500,911.0600,2689629,NFLX
2024-12-03,894.3600,902.6900,888.0250,902.1700,2401634,NFLX
2024-12-02,887.5100,902.3400,884.1200,897.7400,2388966,NFLX
2024-11-29,882.1700,892.4100,876.6800,886.8100,2027237,NFLX
2024-11-27,872.0600,880.9500,858.9100,877.3400,2578222,NFLX
2024-11-26,867.4900,886.3600,867.2501,872.6000,3138259,NFLX
2024-11-25,902.0500,902.0500,864.2200,865.5900,6014203,NFLX
2024-11-22,896.0000,906.0000,893.0000,897.7900,3214020,NFLX
2024-11-21,883.9300,908.0000,877.2400,897.4800,4511263,NFLX
2024-11-20,879.9800,890.6000,868.4000,883.8500,4093843,NFLX
2024-11-19,839.7500,874.4900,839.1600,871.3200,3814227,NFLX
2024-11-18,815.5000,848.4500,809.3301,847.0500,4084081,NFLX
2024-11-15,832.0400,832.0400,816.4900,823.9600,3673720,NFLX
2024-11-14,833.6700,840.9997,830.0200,837.2600,3038231,NFLX
2024-11-13,822.6150,836.9899,820.5368,830.4700,2767772,NFLX
2024-11-12,807.5000,820.3697,803.7500,819.5000,2814064,NFLX
2024-11-11,795.9000,806.8230,795.5650,805.4400,2399150,NFLX
2024-11-08,797.3600,799.0600,788.6500,795.0400,1910626,NFLX
2024-11-07,781.3700,798.2200,779.9400,796.5400,3295074,NFLX
2024-11-06,771.5000,781.4900,757.3800,780.2100,3690817,NFLX
2024-11-05,757.3500,767.5299,756.2700,763.9100,2200645,NFLX
2024-11-04,753.1400,762.4800,749.6900,755.5100,1902194,NFLX
2024-11-01,753.4800,763.7999,747.7700,756.1000,2996829,NFLX
2024-10-31,753.9300,760.7899,752.2300,756.0300,3057709,NFLX
2024-10-30,758.0800,759.7900,752.2775,753.7400,1722002,NFLX
2024-10-29,751.1300,763.8800,748.0100,759.4400,3660433,NFLX
2024-10-28,758.6800,758.6800,747.8800,749.1200,2862405,NFLX
2024-10-25,756.1700,768.5000,753.5300,754.6800,2819473,NFLX
2024-10-24,751.9700,755.8200,746.2500,754.5500,2642962,NFLX
2024-10-23,762.8300,763.7899,744.2600,749.2900,3749007,NFLX
2024-10-22,765.2700,769.7000,761.1200,764.2400,2987252,NFLX
2024-10-21,765.7600,773.0000,756.6000,772.0700,6057093,NFLX
2024-10-18,737.6400,766.2810,736.2300,763.8900,15974119,NFLX
2024-10-17,704.3500,704.4124,677.8800,687.6500,8926672,NFLX
2024-10-16,703.4300,705.5900,697.8200,702.0000,2494276,NFLX
2024-10-15,712.5100,713.4000,699.7806,705.9800,2932752,NFLX
2024-10-14,725.0000,726.6196,711.3109,713.0000,2797071,NFLX
2024-10-11,734.9000,736.0000,721.2200,722.7900,2299525,NFLX
2024-10-10,723.2900,733.8500,722.5000,730.2900,2767862,NFLX
2024-10-09,719.2500,728.5900,718.8700,727.4300,1981070,NFLX
2024-10-08,703.8800,725.0600,703.5457,721.7600,3187402,NFLX
2024-10-07,714.7550,715.8800,696.4300,701.9200,3360520,NFLX
2024-10-04,713.3200,721.0100,708.8200,719.7000,2230139,NFLX
2024-10-03,704.2600,708.8100,700.0000,706.8000,2256449,NFLX
2024-10-02,706.1300,716.2100,704.6878,711.0900,1758167,NFLX
2024-10-01,713.6400,717.7600,698.5900,706.1300,2813482,NFLX
2024-09-30,707.0000,711.2100,702.8192,709.2700,1711508,NFLX
2024-09-27,708.3600,710.7100,701.2509,707.3500,2395613,NFLX
2024-09-26,724.7300,725.2600,701.7200,711.4300,2832962,NFLX
2024-09-25,721.0000,725.1200,716.2100,721.5600,2259775,NFLX
2024-09-24,706.6250,722.4400,704.4500,722.2600,3565731,NFLX
2024-09-23,702.3900,712.2499,699.1600,705.3700,3224344,NFLX
2024-09-20,705.5500,706.6732,696.3100,701.0300,3998062,NFLX
2024-09-19,705.0000,715.6600,695.3700,704.3200,4228480,NFLX
2024-09-18,707.5500,707.5500,688.0000,690.4700,2984411,NFLX
2024-09-17,700.8200,707.6300,698.3700,706.9100,2298630,NFLX
2024-09-16,700.0000,703.0200,688.6316,696.5000,1843745,NFLX
2024-09-13,680.0100,699.6400,680.0000,697.0600,2276482,NFLX
2024-09-12,684.9200,694.8800,682.2000,686.8000,2588437,NFLX
2024-09-11,677.4600,682.9700,660.8000,681.4700,2391924,NFLX
2024-09-10,676.8700,680.5899,665.8050,673.6200,2079182,NFLX
2024-09-09,674.0000,683.5000,672.1400,675.4200,2683111,NFLX
2024-09-06,681.8600,683.1518,662.3400,665.7700,2991265,NFLX
2024-09-05,673.1400,687.3100,671.8600,683.6200,1810072,NFLX
2024-09-04,673.3100,684.6500,673.0600,679.6800,1772660,NFLX
2024-09-03,700.1000,703.8600,671.0100,675.3200,3160964,NFLX
2024-08-30,700.3600,701.8600,688.1600,701.3500,3266723,NFLX
2024-08-29,690.0000,699.8000,686.0700,692.4800,2186974,NFLX
2024-08-28,695.8300,696.6700,677.1000,683.8400,2430583,NFLX
2024-08-27,688.5300,707.8900,686.9200,695.7200,3164878,NFLX
2024-08-26,687.2600,690.5900,681.6376,688.4400,1354154,NFLX
2024-08-23,694.1300,696.0700,678.6300,686.7300,2354450,NFLX
2024-08-22,691.0000,701.5000,686.2400,688.9600,2729389,NFLX
2024-08-21,697.0000,701.0000,691.3800,697.1200,2235343,NFLX
2024-08-20,688.8600,711.3300,688.2450,698.5400,4813118,NFLX
2024-08-19,674.0700,688.8400,672.9100,688.5300,3016227,NFLX
2024-08-16,669.4300,680.2300,665.3600,674.0700,3511014,NFLX
2024-08-15,668.4900,673.1900,659.8000,663.2200,3210173,NFLX
2024-08-14,648.7000,663.5700,648.7000,661.6800,4014344,NFLX
2024-08-13,638.5600,650.9700,635.5000,648.0200,2639571,NFLX
2024-08-12,631.0000,639.0000,627.0700,633.1400,2331712,NFLX
2024-08-09,622.9900,636.6200,622.9900,633.9400,1980836,NFLX
2024-08-08,621.9900,632.2900,616.0200,630.3500,3283542,NFLX
2024-08-07,616.0650,632.0000,610.6400,611.4800,3187791,NFLX
2024-08-06,600.6200,622.4500,600.6200,609.5700,4319057,NFLX
2024-08-05,587.0400,604.5627,587.0400,598.5500,4044235,NFLX
2024-08-02,620.9800,625.2700,608.3500,613.6400,3523003,NFLX
2024-08-01,629.2500,646.7099,617.6100,624.8500,3720573,NFLX
2024-07-31,626.5700,633.5999,622.5800,628.3500,3134877,NFLX
2024-07-30,630.1700,634.6900,617.0001,622.5800,3496609,NFLX
