Date,OpenPrice,High,Low,ClosePrice,Volume,Symbol,DailyReturn
2024-07-30,630.17,634.69,617.0001,622.58,3496609,NFLX,
2024-07-30,184.72,185.86,179.38,181.71,39508574,AMZN,
2024-07-30,219.19,220.325,216.12,218.8,41643840,AAPL,
2024-07-30,171.83,172.95,170.12,171.86,13681418,GOOG,
2024-07-30,427.72,429.05,417.36,422.92,32687578,MSFT,
2024-07-31,626.57,633.5999,622.58,628.35,3134877,NFLX,0.00926788525169453
2024-07-31,185.05,187.94,184.46,186.98,41667326,AMZN,0.029002256342523625
2024-07-31,174.92,175.91,171.72,173.15,15650154,GOOG,0.007506109624112689
2024-07-31,221.44,223.82,220.63,222.08,50036262,AAPL,0.014990859232175469
2024-07-31,420.495,421.775,412.21,418.35,42891366,MSFT,-0.010805826160976029
2024-08-01,420.785,427.46,413.0901,417.11,30296400,MSFT,-0.002964025337635956
2024-08-01,629.25,646.7099,617.61,624.85,3720573,NFLX,-0.005570144028009816
2024-08-01,171.98,175.68,170.51,172.45,17177833,GOOG,-0.004042737510828842
2024-08-01,189.285,190.6,181.87,184.07,70435635,AMZN,-0.015563161835490447
2024-08-01,224.37,224.48,217.02,218.36,62500996,AAPL,-0.016750720461095048
2024-08-02,620.98,625.27,608.35,613.64,3523003,NFLX,-0.01794030567336169
2024-08-02,166.75,168.77,160.55,167.9,141448365,AMZN,-0.08784701472265977
2024-08-02,219.15,225.6,217.71,219.86,105568560,AAPL,0.006869389998168218
2024-08-02,412.49,415.0,404.34,408.49,29437900,MSFT,-0.020666011363908776
2024-08-02,168.19,170.21,166.39,168.4,18907773,GOOG,-0.0234850681356914
2024-08-05,154.21,162.96,151.61,161.02,83149437,AMZN,-0.04097677188802851
2024-08-05,157.37,165.94,156.6,160.64,34907815,GOOG,-0.04608076009501194
2024-08-05,587.04,604.5627,587.04,598.55,4044235,NFLX,-0.024590965386871888
2024-08-05,389.17,401.04,385.58,395.15,40709238,MSFT,-0.03265685818502295
2024-08-05,199.09,213.5,196.0,209.27,119548589,AAPL,-0.0481670153734195
2024-08-06,160.945,162.35,158.13,160.54,36146541,GOOG,-0.0006225099601593342
2024-08-06,400.0,405.67,398.5,399.61,24946525,MSFT,0.011286853093761984
2024-08-06,205.3,209.99,201.07,207.23,69660488,AAPL,-0.009748172217709294
2024-08-06,600.62,622.45,600.62,609.57,4319057,NFLX,0.01841116030406842
2024-08-06,161.71,165.08,158.5404,161.93,59950830,AMZN,0.0056514718668487784
2024-08-07,166.55,167.58,161.43,162.77,48408240,AMZN,0.005187426665843375
2024-08-07,408.635,410.08,397.47,398.43,20650906,MSFT,-0.0029528790570806374
2024-08-07,616.065,632.0,610.64,611.48,3187791,NFLX,0.0031333563003428377
2024-08-07,163.24,164.79,160.24,160.75,19334246,GOOG,0.0013080852124081055
2024-08-07,206.9,213.64,206.39,209.82,63516417,AAPL,0.01249819041644562
2024-08-08,402.44,405.86,399.9407,402.69,20203030,MSFT,0.010691965966418193
2024-08-08,165.165,166.6899,162.55,165.8,44616206,AMZN,0.018615223935614766
2024-08-08,621.99,632.29,616.02,630.35,3283542,NFLX,0.030859553869300616
2024-08-08,162.344,165.5,162.03,163.84,15733612,GOOG,0.01922239502332812
2024-08-08,213.11,214.2,208.83,213.31,47161149,AAPL,0.016633304737394106
2024-08-09,161.645,165.52,160.93,165.39,13549230,GOOG,0.00946044921875
2024-08-09,404.03,408.05,402.2624,406.02,19276666,MSFT,0.008269388363256969
2024-08-09,622.99,636.62,622.99,633.94,1980836,NFLX,0.005695248671373054
2024-08-09,212.1,216.78,211.97,216.24,42201646,AAPL,0.013735877361586546
2024-08-09,166.4,168.55,165.85,166.94,36401049,AMZN,0.006875753920385863
2024-08-12,168.14,168.55,166.1101,166.8,30072788,AMZN,-0.0008386246555648347
2024-08-12,216.07,219.5099,215.6,217.53,38028092,AAPL,0.005965593784683643
2024-08-12,165.995,166.7,163.55,163.95,12434969,GOOG,-0.008706693270451593
2024-08-12,407.06,408.76,404.2434,406.81,16762883,MSFT,0.00194571695975565
2024-08-12,631.0,639.0,627.07,633.14,2331712,NFLX,-0.0012619490803547073
2024-08-13,638.56,650.97,635.5,648.02,2639571,NFLX,0.02350191110970723
2024-08-13,167.81,171.04,167.1,170.23,39237915,AMZN,0.02056354916067127
2024-08-13,165.185,166.54,164.77,165.93,12717628,GOOG,0.012076852698993612
2024-08-13,219.01,221.89,219.01,221.27,44155331,AAPL,0.01719303084632018
2024-08-13,409.59,414.95,409.57,414.01,19414271,MSFT,0.01769867997345198
2024-08-14,172.11,172.28,168.86,170.1,28843804,AMZN,-0.0007636726781412584
2024-08-14,164.21,164.96,159.53,162.03,22515895,GOOG,-0.023503887181341554
2024-08-14,414.8,417.72,412.4456,416.86,18266980,MSFT,0.006883891693437505
2024-08-14,220.57,223.03,219.7,221.72,41960574,AAPL,0.002033714466488812
2024-08-14,648.7,663.57,648.7,661.68,4014344,NFLX,0.021079596308755777
2024-08-15,174.86,177.91,173.99,177.59,51698513,AMZN,0.04403292181069962
2024-08-15,224.6,225.35,222.76,224.72,46414013,AAPL,0.013530579108785856
2024-08-15,419.8,421.11,417.66,421.03,20752144,MSFT,0.010003358441682986
2024-08-15,668.49,673.19,659.8,663.22,3210173,NFLX,0.0023274090194658204
2024-08-15,162.21,163.52,161.49,163.17,18392452,GOOG,0.007035734123310489
2024-08-16,420.6,421.34,417.3,418.47,22775593,MSFT,-0.006080326817566317
2024-08-16,163.41,166.95,163.08,164.74,16853137,GOOG,0.009621866764724096
2024-08-16,223.92,226.8271,223.6501,226.05,44340240,AAPL,0.005918476326094657
2024-08-16,669.43,680.23,665.36,674.07,3511014,NFLX,0.016359579023551785
2024-08-16,177.04,178.34,176.2601,177.06,31489175,AMZN,-0.00298440227490282
2024-08-19,418.96,421.75,416.46,421.53,15233957,MSFT,0.007312352139938305
2024-08-19,225.72,225.99,223.04,225.89,40687813,AAPL,-0.0007078080070781478
2024-08-19,167.0,168.47,166.09,168.4,13100762,GOOG,0.022216826514507737
2024-08-19,674.07,688.84,672.91,688.53,3016227,NFLX,0.021451778005251665
2024-08-19,177.64,178.3,176.16,178.22,31129807,AMZN,0.006551451485372173
2024-08-20,688.86,711.33,688.245,698.54,4813118,NFLX,0.014538219104468952
2024-08-20,225.77,227.17,225.45,226.51,30299033,AAPL,0.002744698747177754
2024-08-20,168.74,170.41,168.66,168.96,12622523,GOOG,0.003325415676959542
2024-08-20,421.7,425.86,421.64,424.8,16387581,MSFT,0.007757454985410472
2024-08-20,177.92,179.01,177.4308,178.88,26255204,AMZN,0.0037032880709235716
2024-08-21,166.99,168.64,166.57,167.63,15269550,GOOG,-0.007871685606060663
2024-08-21,226.52,227.98,225.05,226.4,34765480,AAPL,-0.0004856297735198467
2024-08-21,697.0,701.0,691.38,697.12,2235343,NFLX,-0.0020328112921235153
2024-08-21,424.075,426.4,421.72,424.14,16067298,MSFT,-0.001553672316384258
2024-08-21,179.92,182.385,178.8937,180.11,35599120,AMZN,0.006876118067978609
2024-08-22,169.04,169.42,165.03,165.49,19123778,GOOG,-0.012766211298693486
2024-08-22,181.38,181.47,175.68,176.13,32047482,AMZN,-0.022097607017933618
2024-08-22,691.0,701.5,686.24,688.96,2729389,NFLX,-0.011705301813174196
2024-08-22,424.36,426.7899,414.61,415.55,19361901,MSFT,-0.020252746734568672
2024-08-22,227.79,228.34,223.9,224.53,43695321,AAPL,-0.008259717314487602
2024-08-23,694.13,696.07,678.63,686.73,2354450,NFLX,-0.0032367626567579855
2024-08-23,166.55,167.95,165.66,167.43,14281621,GOOG,0.011722762704695189
2024-08-23,225.6589,228.22,224.33,226.84,38677250,AAPL,0.010288157484523275
2024-08-23,177.34,178.9699,175.24,177.04,29150091,AMZN,0.005166638278544244
2024-08-23,416.98,419.26,412.09,416.79,18493784,MSFT,0.0029839971122609388
2024-08-26,168.155,169.38,166.32,167.93,11990305,GOOG,0.002986322642298367
2024-08-26,687.26,690.59,681.6376,688.44,1354154,NFLX,0.00249006159626064
2024-08-26,226.76,227.28,223.8905,227.18,30602208,AAPL,0.0014988538176687882
2024-08-26,416.365,417.2799,411.34,413.49,13152830,MSFT,-0.007917656373713444
2024-08-26,176.7,177.4682,174.3,175.5,22366236,AMZN,-0.008698599186624412
2024-08-27,688.53,707.89,686.92,695.72,3164878,NFLX,0.010574632502469372
2024-08-27,167.61,168.245,166.16,166.38,13718162,GOOG,-0.00923003632465913
2024-08-27,174.15,174.89,172.25,173.12,29841979,AMZN,-0.013561253561253483
2024-08-27,412.86,414.36,410.25,413.84,13492911,MSFT,0.0008464533604197744
2024-08-27,225.995,228.85,224.89,228.03,35934559,AAPL,0.003741526542829554
2024-08-28,414.88,415.0,407.31,410.6,14882660,MSFT,-0.007829112700560525
2024-08-28,166.78,167.39,163.28,164.5,15208736,GOOG,-0.011299435028248594
2024-08-28,227.92,229.86,225.68,226.49,38052167,AAPL,-0.006753497346840276
2024-08-28,173.69,173.69,168.92,170.8,29045025,AMZN,-0.013401109057301297
2024-08-28,695.83,696.67,677.1,683.84,2430583,NFLX,-0.01707583510607713
2024-08-29,166.06,167.63,161.982,163.4,17133830,GOOG,-0.006686930091185372
2024-08-29,173.22,174.29,170.81,172.12,26407815,AMZN,0.007728337236533989
2024-08-29,230.1,232.92,228.88,229.79,51906297,AAPL,0.014570179698882857
2024-08-29,414.94,422.05,410.6,413.12,17045241,MSFT,0.006137359961032596
2024-08-29,690.0,699.8,686.07,692.48,2186974,NFLX,0.012634534394010188
2024-08-30,172.78,178.9,172.6,178.5,43429355,AMZN,0.03706716244480601
2024-08-30,700.36,701.86,688.16,701.35,3266723,NFLX,0.012809034195933489
2024-08-30,230.19,230.4,227.48,229.0,52990770,AAPL,-0.003437921580573544
2024-08-30,415.6,417.49,412.13,417.14,24308324,MSFT,0.009730828814872083
2024-08-30,164.22,165.28,163.41,165.11,18498777,GOOG,0.010465116279069875
2024-09-03,177.55,178.26,175.26,176.25,37817511,AMZN,-0.012605042016806678
2024-09-03,417.91,419.88,407.03,409.44,20313603,MSFT,-0.018459030541305044
2024-09-03,163.315,163.38,157.855,158.61,26533110,GOOG,-0.039367694264429764
2024-09-03,228.55,229.0,221.17,222.77,50190574,AAPL,-0.027205240174672407
2024-09-03,700.1,703.86,671.01,675.32,3160964,NFLX,-0.037114137021458604
2024-09-04,158.075,160.4,157.44,157.81,15942997,GOOG,-0.005043818170355041
2024-09-04,405.91,411.24,404.37,408.9,14886710,MSFT,-0.0013188745603751606
2024-09-04,174.48,175.98,172.54,173.33,29682478,AMZN,-0.016567375886524793
2024-09-04,673.31,684.65,673.06,679.68,1772660,NFLX,0.006456198542912794
2024-09-04,221.66,221.78,217.48,220.85,43262758,AAPL,-0.008618754769493253
2024-09-05,673.14,687.31,671.86,683.62,1810072,NFLX,0.0057968455743879765
2024-09-05,157.78,161.015,157.52,158.6,14139501,GOOG,0.005006019897344949
2024-09-05,407.62,413.1,406.13,408.39,14195516,MSFT,-0.0012472487160675172
2024-09-05,175.0,179.875,174.995,177.89,40170526,AMZN,0.026308198234581193
2024-09-05,221.625,225.48,221.52,222.38,36615398,AAPL,0.0069277790355444235
2024-09-06,223.95,225.24,219.77,220.82,48423011,AAPL,-0.007015019336271244
2024-09-06,681.86,683.1518,662.34,665.77,2991265,NFLX,-0.02611099733770228
2024-09-06,158.69,159.22,151.935,152.13,24999062,GOOG,-0.04079445145018912
2024-09-06,177.24,178.38,171.16,171.39,41466537,AMZN,-0.03653943448198327
2024-09-06,409.06,410.65,400.8,401.7,19609526,MSFT,-0.016381400132226553
2024-09-09,153.63,154.64,148.2,149.54,28057746,GOOG,-0.017024912903437883
2024-09-09,174.53,175.85,173.51,175.4,29037362,AMZN,0.023396930976136376
2024-09-09,220.82,221.27,216.71,220.91,67179965,AAPL,0.0004075717779186139
2024-09-09,407.24,408.65,402.15,405.72,15295134,MSFT,0.010007468259895624
2024-09-09,674.0,683.5,672.14,675.42,2683111,NFLX,0.014494495095904059
2024-09-10,218.92,221.48,216.73,220.11,51591033,AAPL,-0.003621384274138717
2024-09-10,151.45,152.3,149.5427,150.01,20401774,GOOG,0.0031429717801256807
2024-09-10,408.2,416.33,407.7,414.2,19594287,MSFT,0.020901114068815785
2024-09-10,177.49,180.5,176.79,179.55,36233796,AMZN,0.023660205245153998
2024-09-10,676.87,680.5899,665.805,673.62,2079182,NFLX,-0.0026650084391933726
2024-09-11,221.455,223.09,217.89,222.66,44587072,AAPL,0.011585116532642603
2024-09-11,677.46,682.97,660.8,681.47,2391924,NFLX,0.011653454469879199
2024-09-11,151.09,152.48,148.7,152.15,18991486,GOOG,0.01426571561895873
2024-09-11,415.5,423.99,409.58,423.04,19266923,MSFT,0.02134234669241919
2024-09-11,180.095,184.99,175.73,184.52,42564698,AMZN,0.027680311890838194
2024-09-12,684.92,694.88,682.2,686.8,2588437,NFLX,0.007821327424538005
2024-09-12,154.81,155.61,153.5,155.54,21024062,GOOG,0.022280644101215774
2024-09-12,222.5,223.55,219.82,222.77,37498225,AAPL,0.0004940267672686183
2024-09-12,184.8,187.41,183.54,187.0,33622483,AMZN,0.013440277476696183
2024-09-12,423.31,427.3692,419.75,427.0,17418759,MSFT,0.009360816944024242
2024-09-13,156.362,159.275,156.11,158.37,16733908,GOOG,0.018194676610518323
2024-09-13,680.01,699.64,680.0,697.06,2276482,NFLX,0.014938846825859109
2024-09-13,223.58,224.04,221.91,222.5,36766619,AAPL,-0.0012120123894600043
2024-09-13,187.0,188.5,185.91,186.49,26495351,AMZN,-0.0027272727272726893
2024-09-13,425.825,431.83,425.46,430.59,15874555,MSFT,0.008407494145199035
2024-09-16,216.54,217.22,213.92,216.32,59357427,AAPL,-0.027775280898876487
2024-09-16,700.0,703.02,688.6316,696.5,1843745,NFLX,-0.0008033741715203213
2024-09-16,430.6,433.53,428.22,431.34,13834697,MSFT,0.0017417961401797744
2024-09-16,185.29,185.81,183.36,184.89,26065485,AMZN,-0.008579548501260192
2024-09-16,158.33,159.24,157.61,158.99,14157614,GOOG,0.003914882869230363
2024-09-17,440.23,441.85,432.27,435.15,18874231,MSFT,0.00883293921268602
2024-09-17,186.85,189.45,186.14,186.88,26091682,AMZN,0.010763156471415458
2024-09-17,160.09,161.59,159.41,160.28,12064790,GOOG,0.008113717843889479
2024-09-17,700.82,707.63,698.37,706.91,2298630,NFLX,0.014946159368269818
2024-09-17,215.75,216.9,214.5,216.79,45519339,AAPL,0.0021727071005916976
2024-09-18,707.55,707.55,688.0,690.47,2984411,NFLX,-0.023256142931914914
2024-09-18,160.85,161.63,159.66,160.81,16756450,GOOG,0.0033067132518094233
2024-09-18,435.0,436.03,430.41,430.81,18898042,MSFT,-0.009973572331379965
2024-09-18,217.55,222.71,217.54,220.69,59894928,AAPL,0.01798975967526184
2024-09-18,186.45,188.8,185.06,186.43,34448130,AMZN,-0.002407962328767055
2024-09-19,705.0,715.66,695.37,704.32,4228480,NFLX,0.020058800527177123
2024-09-19,441.225,441.5,436.9,438.69,21706559,MSFT,0.018291126018430415
2024-09-19,164.82,164.99,162.5216,163.24,17548190,GOOG,0.015111000559666632
2024-09-19,224.99,229.82,224.63,228.87,66781315,AAPL,0.03706556708505149
2024-09-19,190.04,190.99,188.47,189.87,39543168,AMZN,0.018451965885318833
2024-09-20,229.97,233.09,227.62,228.2,318679888,AAPL,-0.0029274260497226257
2024-09-20,164.52,164.75,163.18,164.64,46362673,GOOG,0.008576329331046129
2024-09-20,705.55,706.6732,696.31,701.03,3998062,NFLX,-0.004671172194457229
2024-09-20,437.22,439.24,434.22,435.27,55167106,MSFT,-0.007795937906038497
2024-09-20,190.23,191.84,187.41,191.6,100378553,AMZN,0.00911149734028549
2024-09-23,165.34,166.61,162.95,163.07,15648446,GOOG,-0.009535957240038861
2024-09-23,702.39,712.2499,699.16,705.37,3224344,NFLX,0.006190890546766914
2024-09-23,227.34,229.45,225.81,226.47,54146023,AAPL,-0.007581069237510896
2024-09-23,434.28,436.46,430.3889,433.51,15128891,MSFT,-0.004043467273186718
2024-09-23,191.64,194.45,190.57,193.88,36993111,AMZN,0.011899791231732681
2024-09-24,228.645,229.35,225.73,227.37,43556068,AAPL,0.003974036296198191
2024-09-24,194.27,195.37,190.13,193.96,43478926,AMZN,0.0004126263668249308
2024-09-24,164.25,164.55,162.03,163.64,18774056,GOOG,0.0034954314098238903
2024-09-24,433.0,433.35,426.1,429.17,17015754,MSFT,-0.010011303084127232
2024-09-24,706.625,722.44,704.45,722.26,3565731,NFLX,0.023944879992060963
2024-09-25,429.83,433.119,428.57,432.11,13396364,MSFT,0.006850432229652537
2024-09-25,721.0,725.12,716.21,721.56,2259775,NFLX,-0.0009691800736577605
2024-09-25,224.93,227.29,224.02,226.37,42308715,AAPL,-0.004398117605664775
2024-09-25,162.97,164.217,162.775,162.99,13607892,GOOG,-0.003972133952578671
2024-09-25,193.75,193.9498,192.16,192.53,26391144,AMZN,-0.007372654155496039
2024-09-26,165.03,165.5,163.5,163.83,18234497,GOOG,0.005153690410454548
2024-09-26,194.31,194.53,189.54,191.16,36334854,AMZN,-0.007115774165065258
2024-09-26,227.3,228.5,225.41,227.52,36636707,AAPL,0.005080178468878316
2024-09-26,724.73,725.26,701.72,711.43,2832962,NFLX,-0.01403902655357836
2024-09-26,435.085,435.3,429.13,431.31,14492044,MSFT,-0.001851380435537231
2024-09-27,228.46,229.52,227.3,227.79,34025967,AAPL,0.0011867088607593335
2024-09-27,431.52,431.85,427.47,428.02,14896131,MSFT,-0.007627924230831695
2024-09-27,190.68,190.9,187.34,187.97,36002316,AMZN,-0.01668759154634858
2024-09-27,163.91,166.97,163.83,165.29,13604261,GOOG,0.00891167673808213
2024-09-27,708.36,710.71,701.2509,707.35,2395613,NFLX,-0.005734928243115833
2024-09-30,164.78,167.36,164.64,167.19,14083451,GOOG,0.011494948272732897
2024-09-30,187.14,188.49,184.65,186.33,41680400,AMZN,-0.00872479651008129
2024-09-30,428.21,430.42,425.37,430.3,16854606,MSFT,0.005326853885332605
2024-09-30,707.0,711.21,702.8192,709.27,1711508,NFLX,0.0027143564006502086
2024-09-30,230.04,233.0,229.65,233.0,54793391,AAPL,0.022871943456692634
2024-10-01,168.86,170.44,165.9,168.42,18629506,GOOG,0.007356899336084632
2024-10-01,229.52,229.65,223.74,226.21,63285048,AAPL,-0.02914163090128752
2024-10-01,428.45,428.48,418.81,420.69,19092945,MSFT,-0.022333255867999058
2024-10-01,184.9,186.19,183.4519,185.13,36044906,AMZN,-0.006440186765416245
2024-10-01,713.64,717.76,698.59,706.13,2813482,NFLX,-0.00442708700494876
2024-10-02,422.58,422.82,416.71,417.13,16582257,MSFT,-0.008462288145665409
2024-10-02,167.76,168.88,166.25,167.31,12744975,GOOG,-0.006590666191663597
2024-10-02,184.44,186.6,184.04,184.76,23704056,AMZN,-0.001998595581483298
2024-10-02,706.13,716.21,704.6878,711.09,1758167,NFLX,0.007024202342345021
2024-10-02,225.89,227.37,223.02,226.78,32880605,AAPL,0.0025197825029839027
2024-10-03,417.63,419.55,414.29,416.54,13686421,MSFT,-0.0014144271570013522
2024-10-03,165.82,167.91,165.37,167.21,11004333,GOOG,-0.0005976929053851388
2024-10-03,183.045,183.44,180.875,181.96,30204302,AMZN,-0.015154795410261879
2024-10-03,704.26,708.81,700.0,706.8,2256449,NFLX,-0.006032991604438376
2024-10-03,225.14,226.805,223.32,225.67,34044158,AAPL,-0.004894611517770597
2024-10-04,418.24,419.75,414.97,416.06,19190913,MSFT,-0.001152350314495676
2024-10-04,169.34,169.55,166.96,168.56,11435318,GOOG,0.00807367980383944
2024-10-04,185.75,187.6,183.6,186.51,41079011,AMZN,0.02500549571334343
2024-10-04,713.32,721.01,708.82,719.7,2230139,NFLX,0.01825127334465204
2024-10-04,227.9,228.0,224.13,226.8,37345098,AAPL,0.005007311561129102
2024-10-07,169.14,169.9,164.13,164.39,14034722,GOOG,-0.024738965353583442
2024-10-07,714.755,715.88,696.43,701.92,3360520,NFLX,-0.024704738085313482
2024-10-07,182.95,183.6,180.25,180.8,42364201,AMZN,-0.030614980430003658
2024-10-07,416.0,417.11,409.0,409.54,20919761,MSFT,-0.0156708167091284
2024-10-07,224.5,225.69,221.33,221.69,39505354,AAPL,-0.02253086419753092
2024-10-08,224.3,225.98,223.25,225.77,31855693,AAPL,0.018404077766250193
2024-10-08,703.88,725.06,703.5457,721.76,3187402,NFLX,0.02826532938226589
2024-10-08,165.43,166.1,164.31,165.7,11723885,GOOG,0.007968854553196625
2024-10-08,181.915,183.09,180.92,182.72,26372086,AMZN,0.010619469026548645
2024-10-08,410.9,415.66,408.17,414.71,19229261,MSFT,0.012623919519460847
2024-10-09,182.82,185.845,182.05,185.17,26343117,AMZN,0.01340849387040266
2024-10-09,719.25,728.59,718.87,727.43,1981070,NFLX,0.007855796940811288
2024-10-09,164.855,166.26,161.12,163.06,19666411,GOOG,-0.015932407966203876
2024-10-09,415.86,420.38,414.3,417.46,14974257,MSFT,0.006631139832654176
2024-10-09,225.23,229.75,224.83,229.54,33591091,AAPL,0.01669840988616733
2024-10-10,187.13,188.134,185.83,186.65,27785043,AMZN,0.007992655397742743
2024-10-10,415.225,417.35,413.15,415.84,13848376,MSFT,-0.0038806113160542166
2024-10-10,227.78,229.5,227.17,229.04,28183544,AAPL,-0.002178269582643555
2024-10-10,723.29,733.85,722.5,730.29,2767862,NFLX,0.003931649780734903
2024-10-10,162.11,164.3107,161.64,163.18,12900492,GOOG,0.0007359254262235826
2024-10-11,163.33,165.27,162.5,164.52,10945971,GOOG,0.008211790660620277
2024-10-11,186.63,189.9284,186.3,188.82,25751557,AMZN,0.011626038039110664
2024-10-11,416.135,417.13,413.25,416.32,14144944,MSFT,0.001154290111581524
2024-10-11,229.3,229.41,227.34,227.55,31759188,AAPL,-0.006505413901501833
2024-10-11,734.9,736.0,721.22,722.79,2299525,NFLX,-0.010269892782319379
2024-10-14,189.78,189.83,187.36,187.54,22614407,AMZN,-0.006778942908590158
2024-10-14,417.77,424.04,417.52,419.14,16653086,MSFT,0.006773635664873101
2024-10-14,228.7,231.73,228.6,231.3,39882085,AAPL,0.016479894528675043
2024-10-14,164.91,167.62,164.78,166.35,9981765,GOOG,0.011123267687819016
2024-10-14,725.0,726.6196,711.3109,713.0,2797071,NFLX,-0.013544736368793053
2024-10-15,712.51,713.4,699.7806,705.98,2932752,NFLX,-0.009845722300140247
2024-10-15,187.63,188.41,184.58,187.69,32178925,AMZN,0.0007998293697344394
2024-10-15,233.61,237.49,232.37,233.85,64751367,AAPL,0.011024643320363126
2024-10-15,167.14,169.09,166.05,166.9,14829338,GOOG,0.003306281935677946
2024-10-15,422.18,422.48,415.26,418.74,18900201,MSFT,-0.0009543350670420114
2024-10-16,166.03,167.28,165.216,166.74,9968474,GOOG,-0.0009586578789694267
2024-10-16,703.43,705.59,697.82,702.0,2494276,NFLX,-0.005637553471769752
2024-10-16,231.6,232.12,229.84,231.78,34082240,AAPL,-0.008851828094932568
2024-10-16,187.05,187.78,185.61,186.89,23456812,AMZN,-0.004262347487879015
2024-10-16,415.17,416.36,410.48,416.12,15508932,MSFT,-0.006256865835602032
2024-10-17,422.36,422.5,415.59,416.72,14820004,MSFT,0.0014418917619918314
2024-10-17,704.35,704.4124,677.88,687.65,8926672,NFLX,-0.020441595441595517
2024-10-17,167.38,167.93,164.37,164.51,15113356,GOOG,-0.013374115389228836
2024-10-17,233.43,233.85,230.52,232.15,32993810,AAPL,0.0015963413581845387
2024-10-17,188.22,188.94,186.0,187.53,25039414,AMZN,0.0034244742896891722
2024-10-18,737.64,766.281,736.23,763.89,15974119,NFLX,0.1108703555587871
2024-10-18,236.18,236.18,234.01,235.0,46431472,AAPL,0.012276545337066569
2024-10-18,187.15,190.74,186.28,188.99,37417670,AMZN,0.007785420999306902
2024-10-18,164.87,166.3699,164.75,165.05,13091267,GOOG,0.0032824752294695614
2024-10-18,417.14,419.65,416.2601,418.16,17145317,MSFT,0.00345555768861594
2024-10-21,188.05,189.46,186.4,189.07,24639393,AMZN,0.0004233028202549338
2024-10-21,765.76,773.0,756.6,772.07,6057093,NFLX,0.010708348060584738
2024-10-21,416.12,418.96,413.7501,418.78,14206115,MSFT,0.0014826860531853558
2024-10-21,234.45,236.85,234.45,236.48,36254470,AAPL,0.006297872340425448
2024-10-21,164.58,166.22,164.305,165.8,11384047,GOOG,0.004544077552256942
2024-10-22,765.27,769.7,761.12,764.24,2987252,NFLX,-0.01014156747445183
2024-10-22,164.7,167.47,164.67,166.82,11958617,GOOG,0.006151990349819059
2024-10-22,188.35,191.5201,186.975,189.7,29650593,AMZN,0.0033320992225100987
2024-10-22,233.885,236.22,232.6,235.86,38846578,AAPL,-0.0026217861975641465
2024-10-22,418.49,430.5793,418.04,427.51,25482197,MSFT,0.020846267730073142
2024-10-23,234.08,235.144,227.76,230.76,52286979,AAPL,-0.021622996692953533
2024-10-23,430.855,431.08,422.53,424.6,19654379,MSFT,-0.006806858319103548
2024-10-23,188.85,189.16,183.69,184.71,31937089,AMZN,-0.0263046916183447
2024-10-23,762.83,763.7899,744.26,749.29,3749007,NFLX,-0.01956191772218152
2024-10-23,166.43,167.6,163.6325,164.48,12754283,GOOG,-0.014027095072533302
2024-10-24,229.98,230.82,228.41,230.57,31109503,AAPL,-0.0008233662679840714
2024-10-24,425.325,425.9782,422.4,424.73,13581631,MSFT,0.0003061705134244086
2024-10-24,751.97,755.82,746.25,754.55,2642962,NFLX,0.007019978913371361
2024-10-24,185.25,187.11,183.86,186.38,21647395,AMZN,0.00904119971847761
2024-10-24,164.59,165.05,162.77,164.53,12764430,GOOG,0.00030398832684830346
2024-10-25,426.76,432.52,426.565,428.15,16899064,MSFT,0.008052174322510597
2024-10-25,229.74,233.22,229.57,231.41,38802304,AAPL,0.0036431452487313276
2024-10-25,187.85,190.45,187.53,187.83,29362060,AMZN,0.007779804700075221
2024-10-25,165.365,167.4,165.23,166.99,14566410,GOOG,0.014951680544581514
2024-10-25,756.17,768.5,753.53,754.68,2819473,NFLX,0.0001722881187462555
2024-10-28,758.68,758.68,747.88,749.12,2862405,NFLX,-0.00736736100068891
2024-10-28,170.59,170.606,165.79,168.34,20858254,GOOG,0.008084316426133276
2024-10-28,431.655,431.94,426.3,426.59,14882444,MSFT,-0.003643582856475591
2024-10-28,233.32,234.73,232.55,233.4,36087134,AAPL,0.00859945551186203
2024-10-28,189.565,190.21,188.21,188.39,27930836,AMZN,0.0029814193685777646
2024-10-29,428.0,433.17,425.8001,431.95,17644080,MSFT,0.012564757729904619
2024-10-29,188.58,191.4599,187.815,190.83,35690158,AMZN,0.012951855194012651
2024-10-29,751.13,763.88,748.01,759.44,3660433,NFLX,0.013776164032464733
2024-10-29,233.1,234.325,232.32,233.67,35417247,AAPL,0.0011568123393315144
2024-10-29,169.385,171.86,168.66,171.14,28916106,GOOG,0.01663300463347972
2024-10-30,232.61,233.47,229.55,230.1,47070907,AAPL,-0.015277956091924505
2024-10-30,758.08,759.79,752.2775,753.74,1722002,NFLX,-0.007505530390814363
2024-10-30,437.435,438.5,432.1,432.53,29749149,MSFT,0.0013427480032410788
2024-10-30,194.695,195.61,192.42,192.73,37707550,AMZN,0.009956505790494008
2024-10-30,182.41,183.79,175.7451,176.14,49698313,GOOG,0.02921584667523658
2024-10-31,753.93,760.7899,752.23,756.03,3057709,NFLX,0.003038182927799893
2024-10-31,174.72,178.42,172.56,172.69,32801898,GOOG,-0.019586692403769645
2024-10-31,229.34,229.83,225.37,225.91,64370086,AAPL,-0.018209474141677506
2024-10-31,190.51,190.6,185.23,186.4,75146759,AMZN,-0.032843874850827515
2024-10-31,415.36,416.16,406.3,406.35,53970981,MSFT,-0.06052759346172509
2024-11-01,220.965,225.35,220.27,222.91,65276741,AAPL,-0.01327962462927712
2024-11-01,171.54,173.82,170.31,172.65,21752859,GOOG,-0.00023162893045336475
2024-11-01,409.01,415.5,407.5,410.37,24230442,MSFT,0.009892949427833031
2024-11-01,199.0,200.5,197.02,197.93,99687847,AMZN,0.06185622317596562
2024-11-01,753.48,763.7999,747.77,756.1,2996829,NFLX,9.258891842933714e-05
2024-11-04,753.14,762.48,749.69,755.51,1902194,NFLX,-0.0007803200634837193
2024-11-04,409.8,410.415,405.5713,408.46,19672286,MSFT,-0.004654336330628506
2024-11-04,171.24,171.92,169.485,170.68,16193994,GOOG,-0.011410367796119258
2024-11-04,220.99,222.79,219.71,222.01,44944468,AAPL,-0.004037503925351071
2024-11-04,196.45,197.33,194.3101,195.78,38492062,AMZN,-0.010862426110241019
2024-11-05,757.35,767.5299,756.27,763.91,2200645,NFLX,0.011118317427962543
2024-11-05,170.83,172.0973,170.37,171.41,12518282,GOOG,0.004277009608624205
2024-11-05,221.795,223.95,221.14,223.45,28111338,AAPL,0.006486194315571403
2024-11-05,196.04,199.82,195.99,199.5,30564784,AMZN,0.01900091939932569
2024-11-05,408.37,414.9,408.08,411.46,17626011,MSFT,0.007344660431866101
2024-11-06,175.35,178.64,175.04,178.33,27061510,GOOG,0.040371040196021335
2024-11-06,200.01,207.55,199.14,207.09,72292167,AMZN,0.03804511278195499
2024-11-06,412.42,420.45,410.52,420.18,26681842,MSFT,0.021192825548048466
2024-11-06,222.61,226.065,221.19,222.72,54561121,AAPL,-0.0032669501006936663
2024-11-06,771.5,781.49,757.38,780.21,3690817,NFLX,0.021337592124726745
2024-11-07,224.625,227.875,224.57,227.48,42137691,AAPL,0.021372126436781658
2024-11-07,781.37,798.22,779.94,796.54,3295074,NFLX,0.02093026236526052
2024-11-07,207.44,212.25,207.19,210.05,52878383,AMZN,0.014293302428895593
2024-11-07,421.28,426.85,419.88,425.43,19901782,MSFT,0.012494645152077766
2024-11-07,179.11,182.58,178.89,182.28,16730407,GOOG,0.02214994672797621
2024-11-08,425.32,426.5,421.78,422.54,16891414,MSFT,-0.006793126953905437
2024-11-08,227.17,228.66,226.405,226.96,38328824,AAPL,-0.0022859152452961995
2024-11-08,797.36,799.06,788.65,795.04,1910626,NFLX,-0.0018831446003967356
2024-11-08,209.72,209.9633,207.44,208.18,36075846,AMZN,-0.008902642228040936
2024-11-08,182.0,182.35,179.57,179.86,15021549,GOOG,-0.01327627825323674
2024-11-11,180.07,182.085,179.99,181.97,12503422,GOOG,0.011731346602913195
2024-11-11,225.0,225.7,221.5,224.23,42005602,AAPL,-0.012028551286570432
2024-11-11,422.515,424.81,416.0,418.01,24503321,MSFT,-0.01072087849671044
2024-11-11,795.9,806.823,795.565,805.44,2399150,NFLX,0.013081102837593228
2024-11-11,208.5,209.65,205.59,206.84,35456012,AMZN,-0.006436737438754947
2024-11-12,181.38,184.025,180.99,183.32,14065845,GOOG,0.007418805297576547
2024-11-12,224.55,225.59,223.355,224.23,40398299,AAPL,0.0
2024-11-12,208.37,209.54,206.01,208.91,38942918,AMZN,0.01000773544768907
2024-11-12,807.5,820.3697,803.75,819.5,2814064,NFLX,0.0174562971791814
2024-11-12,418.25,424.44,417.2,423.03,19401204,MSFT,0.012009282074591399
2024-11-13,224.01,226.65,222.76,225.12,48566217,AAPL,0.0039691388306650754
2024-11-13,182.15,182.615,180.12,180.49,13969709,GOOG,-0.015437486362644415
2024-11-13,822.615,836.9899,820.5368,830.47,2767772,NFLX,0.013386211104331913
2024-11-13,209.4,215.09,209.14,214.1,46212943,AMZN,0.024843233928485864
2024-11-13,421.64,429.325,418.21,425.2,21502185,MSFT,0.005129659834999911
2024-11-14,225.02,228.87,225.0,228.22,44923941,AAPL,0.01377043354655294
2024-11-14,833.67,840.9997,830.02,837.26,3038231,NFLX,0.00817609305573952
2024-11-14,425.0,428.17,420.0,426.89,30246881,MSFT,0.00397460018814666
2024-11-14,214.16,215.9,210.88,211.48,42620309,AMZN,-0.012237272302662361
2024-11-14,179.75,180.445,176.03,177.35,17925763,GOOG,-0.017397085711119864
2024-11-15,832.04,832.04,816.49,823.96,3673720,NFLX,-0.015885149177077507
2024-11-15,206.76,207.34,199.61,202.61,86591144,AMZN,-0.04194250047285786
2024-11-15,175.64,175.88,172.745,173.89,21708870,GOOG,-0.019509444601071402
2024-11-15,419.82,422.8,413.64,415.0,28247644,MSFT,-0.02785260840029047
2024-11-15,226.4,226.92,224.27,225.0,47923696,AAPL,-0.014109192884059207
2024-11-18,204.15,204.67,200.95,201.7,36512465,AMZN,-0.0044913873945018334
2024-11-18,414.87,418.4037,412.1,415.76,24742013,MSFT,0.001831325301204778
2024-11-18,815.5,848.45,809.3301,847.05,4084081,NFLX,0.028023205009951813
2024-11-18,174.955,176.91,174.42,176.8,18725422,GOOG,0.016734717350048944
2024-11-18,225.25,229.74,225.17,228.02,44686020,AAPL,0.013422222222222224
2024-11-19,839.75,874.49,839.16,871.32,3814227,NFLX,0.02865238179564389
2024-11-19,199.33,205.3,198.78,204.61,31197867,AMZN,0.014427367377293221
2024-11-19,175.235,180.17,175.116,179.58,15392866,GOOG,0.015723981900452433
2024-11-19,226.98,230.16,226.66,228.28,36211774,AAPL,0.0011402508551880963
2024-11-19,413.11,417.94,411.55,417.79,18133529,MSFT,0.004882624591110218
2024-11-20,178.83,179.11,175.33,177.33,15729806,GOOG,-0.012529234881389906
2024-11-20,228.06,229.93,225.89,229.0,35169566,AAPL,0.0031540213772560666
2024-11-20,416.87,417.29,410.58,415.49,19191655,MSFT,-0.005505158093779161
2024-11-20,202.98,203.13,199.45,202.88,32768989,AMZN,-0.008455109720932552
2024-11-20,879.98,890.6,868.4,883.85,4093843,NFLX,0.014380480190974598
2024-11-21,228.88,230.155,225.7103,228.52,42108327,AAPL,-0.002096069868995576
2024-11-21,175.455,175.58,165.31,169.24,38839431,GOOG,-0.04562115829244917
2024-11-21,203.49,203.49,195.75,198.38,58800042,AMZN,-0.02218059936908512
2024-11-21,883.93,908.0,877.24,897.48,4511263,NFLX,0.015421168750353598
2024-11-21,419.5,419.78,410.2887,412.87,20780162,MSFT,-0.006305807600664237
2024-11-22,411.365,417.4,411.06,417.0,24814626,MSFT,0.010003148690871155
2024-11-22,228.06,230.7199,228.06,229.87,38168252,AAPL,0.005907579205321145
2024-11-22,198.25,199.2599,196.75,197.12,31530844,AMZN,-0.00635144671841914
2024-11-22,167.16,168.2645,165.71,166.57,24497042,GOOG,-0.015776412195698475
2024-11-22,896.0,906.0,893.0,897.79,3214020,NFLX,0.0003454115969157012
2024-11-25,199.28,201.9499,199.0,201.45,40685672,AMZN,0.021966314935064846
2024-11-25,418.38,421.08,414.85,418.79,27691090,MSFT,0.004292565947242366
2024-11-25,902.05,902.05,864.22,865.59,6014203,NFLX,-0.03586584836097517
2024-11-25,167.99,170.46,167.4,169.43,21395652,GOOG,0.017169958575974142
2024-11-25,231.46,233.245,229.74,232.87,90152832,AAPL,0.013050854830991332
2024-11-26,867.49,886.36,867.2501,872.6,3138259,NFLX,0.008098522395129315
2024-11-26,201.9,208.0,201.79,207.86,41673737,AMZN,0.03181931000248217
2024-11-26,419.585,429.0414,418.85,427.99,23458889,MSFT,0.02196805081305664
2024-11-26,233.33,235.57,233.33,235.06,45986189,AAPL,0.00940438871473348
2024-11-26,169.49,171.495,169.43,170.62,14937478,GOOG,0.007023549548486052
2024-11-27,206.98,207.64,205.05,205.74,28061638,AMZN,-0.010199172519965383
2024-11-27,425.105,427.2299,422.02,422.99,18332444,MSFT,-0.011682515946634275
2024-11-27,234.465,235.69,233.8101,234.93,33498439,AAPL,-0.0005530502850336072
2024-11-27,872.06,880.95,858.91,877.34,2578222,NFLX,0.005432042172816898
2024-11-27,170.68,171.14,169.67,170.82,12433371,GOOG,0.0011721955222130376
2024-11-29,170.06,170.87,168.75,170.49,9250712,GOOG,-0.0019318580962415233
2024-11-29,234.81,237.81,233.97,237.33,28481377,AAPL,0.010215808964372464
2024-11-29,420.09,424.88,417.8,423.46,16271921,MSFT,0.0011111373791341528
2024-11-29,882.17,892.41,876.68,886.81,2027237,NFLX,0.010793990927120412
2024-11-29,205.83,208.2,204.59,207.89,24892447,AMZN,0.010450082628560287
2024-12-02,237.27,240.79,237.16,239.59,48137103,AAPL,0.009522605654573857
2024-12-02,421.57,433.0,421.31,430.98,20207223,MSFT,0.017758465970811876
2024-12-02,170.32,173.6,170.27,172.98,16593444,GOOG,0.014604962167868996
2024-12-02,209.96,212.99,209.5101,210.71,39523185,AMZN,0.013564866034922352
2024-12-02,887.51,902.34,884.12,897.74,2388966,NFLX,0.012325075269787211
2024-12-03,173.12,174.32,172.51,173.02,15721483,GOOG,0.0002312406058504468
2024-12-03,239.81,242.76,238.9,242.65,38861017,AAPL,0.012771818523310774
2024-12-03,210.31,214.02,209.65,213.44,32214828,AMZN,0.012956195719235009
2024-12-03,894.36,902.69,888.025,902.17,2401634,NFLX,0.004934613585225067
2024-12-03,429.84,432.47,427.74,431.2,18301987,MSFT,0.0005104645227156368
2024-12-04,172.78,176.43,172.75,176.09,18239842,GOOG,0.0177436134550919
2024-12-04,215.96,220.0,215.75,218.16,48745716,AMZN,0.022113943028485794
2024-12-04,433.03,439.67,432.63,437.42,26009429,MSFT,0.014424860853432309
2024-12-04,242.87,244.11,241.25,243.01,44383935,AAPL,0.0014836183803832448
2024-12-04,898.05,915.9699,898.05,911.06,2689629,NFLX,0.009854018643936202
2024-12-05,218.03,222.15,217.3,220.55,41140220,AMZN,0.010955262192886117
2024-12-05,437.92,444.66,436.171,442.62,21697775,MSFT,0.011887888070961417
2024-12-05,243.99,244.54,242.13,243.04,40033878,AAPL,0.00012345170980609943
2024-12-05,177.32,177.71,174.01,174.31,16145520,GOOG,-0.01010846726105974
2024-12-05,917.85,927.0,911.1075,917.87,2835307,NFLX,0.007474809562487694
2024-12-06,915.23,935.27,912.71,934.74,2955383,NFLX,0.018379509080806544
2024-12-06,442.3,446.1,441.7703,443.57,18821002,MSFT,0.0021463106050336744
2024-12-06,220.75,227.15,220.6,227.03,44178069,AMZN,0.029381092722738478
2024-12-06,173.88,176.8389,173.55,176.49,13319549,GOOG,0.012506454018702318
2024-12-06,242.905,244.63,242.08,242.84,36870619,AAPL,-0.0008229098090848375
2024-12-09,928.0,930.2999,902.59,913.69,3350082,NFLX,-0.02251963112737232
2024-12-09,442.6,448.33,440.5,446.02,19144388,MSFT,0.00552336722501523
2024-12-09,175.715,178.04,175.4,177.1,19887786,GOOG,0.003456286475154391
2024-12-09,241.83,247.24,241.75,246.75,44649232,AAPL,0.016101136550815243
2024-12-09,227.21,230.08,225.67,226.09,46819363,AMZN,-0.004140421970664665
2024-12-10,184.535,188.03,182.67,186.53,34317438,GOOG,0.05324675324675332
2024-12-10,246.89,248.21,245.34,247.77,36914806,AAPL,0.004133738601823644
2024-12-10,913.76,922.88,909.58,913.35,2388575,NFLX,-0.00037211745778109595
2024-12-10,226.09,229.06,224.2002,225.04,31199864,AMZN,-0.004644168251581315
2024-12-10,444.39,449.62,441.6,443.33,18469459,MSFT,-0.006031119680731778
2024-12-11,186.7,196.89,186.26,196.71,41664489,GOOG,0.054575671473757525
2024-12-11,247.96,250.8,246.2601,246.49,45205814,AAPL,-0.005166081446502768
2024-12-11,924.71,941.75,923.08,936.56,3501691,NFLX,0.025411945037499217
2024-12-11,226.41,231.2,226.26,230.26,35385785,AMZN,0.02319587628865971
2024-12-11,444.05,450.35,444.05,448.99,19200208,MSFT,0.0127670132858142
2024-12-12,246.89,248.74,245.68,247.96,32777532,AAPL,0.005963730780153442
2024-12-12,449.11,456.1648,449.11,449.56,20834779,MSFT,0.0012695160248556991
2024-12-12,933.35,934.0886,922.6,925.55,2486197,NFLX,-0.01175578713590164
2024-12-12,229.83,231.09,227.63,228.97,28204084,AMZN,-0.005602362546686335
2024-12-12,196.3,196.7053,193.28,193.63,25197757,GOOG,-0.0156575669767679
2024-12-13,448.435,451.43,445.58,447.27,20177833,MSFT,-0.00509386956134894
2024-12-13,247.815,249.2902,246.24,248.13,33155290,AAPL,0.000685594450717808
2024-12-13,228.4,230.2,225.8608,227.46,28768080,AMZN,-0.006594750403983052
2024-12-13,916.81,925.55,909.61,918.87,2485829,NFLX,-0.007217330236075847
2024-12-13,192.71,194.34,191.26,191.38,18883217,GOOG,-0.011620100191086058
2024-12-16,447.27,452.18,445.28,451.59,23598834,MSFT,0.00965859547924075
2024-12-16,247.99,251.38,247.65,251.04,51694753,AAPL,0.011727723370813736
2024-12-16,230.23,233.0,228.01,232.93,37552096,AMZN,0.024048184296139974
2024-12-16,194.365,200.64,194.11,198.16,32248640,GOOG,0.035426899362524855
2024-12-16,923.94,928.94,919.5,921.08,2674892,NFLX,0.002405128037698434
2024-12-17,198.53,202.88,196.69,197.12,24129481,GOOG,-0.005248284214775856
2024-12-17,232.39,232.73,227.85,231.15,35948131,AMZN,-0.0076417807925127645
2024-12-17,921.54,928.45,916.42,919.13,2459456,NFLX,-0.002117079949624401
2024-12-17,250.08,253.83,249.78,253.48,51356360,AAPL,0.009719566602931717
2024-12-17,451.01,455.29,449.57,454.46,22733494,MSFT,0.006355322305631184
2024-12-18,230.77,231.3999,220.11,220.52,43281443,AMZN,-0.04598745403417692
2024-12-18,196.83,198.6899,189.28,190.15,27638416,GOOG,-0.03535917207792205
2024-12-18,919.13,922.44,886.56,889.55,2938194,NFLX,-0.03218260746575574
2024-12-18,451.32,452.65,437.02,437.39,24444545,MSFT,-0.03756106147955818
2024-12-18,252.16,254.28,247.74,248.05,56774101,AAPL,-0.021421808426700273
